commuter_id,payment_scheme,request_id,start_time,record_company_name,route_details,total_price,maas_surcharge,total_time,origin_x,origin_y,destination_x,destination_y,status,to_station,to_destination,government_subsidy
20,PAYG,20_0_1366,1,UberLike1,"[[52, 38], [52, 39], [53, 40], [53, 41], [53, 42], [54, 43], [54, 44], [54, 45], [55, 46], [55, 47], [56, 48], [56, 49], [56, 50], [57, 51], [57, 52], [57, 53], [58, 54], [58, 55], [58, 56], [59, 57], [59, 58], [59, 59], [60, 60], [60, 61], [60, 62], [61, 63], [61, 64], [61, 65], [62, 66], [62, 67], [63, 68], [63, 69], [63, 70], [64, 71], [64, 72], [64, 73], [65, 74], [65, 75]]",20,0,5,52,38,65,75,finished,null,null,0
48,PAYG,48_12_4151,13,walk,"[[47, 11], [47, 12], [47, 13], [47, 14], [47, 15], [47, 16], [46, 17], [46, 18], [46, 19], [46, 20], [46, 21], [46, 22], [46, 23]]",0,0,8,47,11,46,23,finished,null,null,0
44,PAYG,44_16_3774,21,UberLike1,"[[9, 34], [10, 34], [11, 34], [12, 34], [13, 34], [14, 34], [15, 34], [16, 34], [17, 34], [18, 35], [19, 35], [20, 35], [21, 35], [22, 35], [23, 35], [24, 35], [25, 35], [26, 35], [27, 35], [28, 35], [29, 35], [30, 35], [31, 35], [32, 35], [33, 35], [34, 35], [35, 35], [36, 36], [37, 36], [38, 36], [39, 36], [40, 36], [41, 36], [42, 36], [43, 36], [44, 36], [45, 36]]",20,0,5,9,34,45,36,finished,null,null,0
90,PAYG,90_10_5385,14,walk,"[[13, 30], [14, 30], [15, 30], [16, 30], [17, 30], [18, 30], [19, 30], [20, 30], [21, 30], [22, 30], [23, 30], [24, 30], [25, 30], [26, 30], [27, 30], [28, 30], [29, 30], [30, 30]]",0,0,11,13,30,30,30,finished,null,null,0
31,PAYG,31_19_9909,23,UberLike1,"[[70, 31], [69, 31], [68, 32], [67, 32], [66, 32], [65, 32], [64, 33], [63, 33], [62, 33], [61, 33], [60, 34], [59, 34], [58, 34], [57, 34], [56, 35], [55, 35], [54, 35], [53, 35], [52, 36], [51, 36], [50, 36], [49, 36], [48, 37], [47, 37]]",20,0,5,70,31,47,37,finished,null,null,0
112,PAYG,112_18_7622,21,UberLike1,"[[73, 55], [72, 54], [71, 53], [70, 52], [69, 51], [68, 51], [67, 50], [66, 49], [65, 48], [64, 47], [63, 46], [62, 45], [61, 44], [60, 44], [59, 43], [58, 42], [57, 41], [56, 40], [55, 39], [54, 38], [53, 37], [52, 36], [51, 36], [50, 35], [49, 34], [48, 33], [47, 32], [46, 31], [45, 30], [44, 29], [43, 29], [42, 28], [41, 27], [40, 26], [39, 25], [38, 24], [37, 23], [36, 22], [35, 22], [34, 21], [33, 20], [32, 19], [31, 18]]",20,0,5,73,55,31,18,finished,null,null,0
83,subscription,83_17_9091,22,walk,"[[21, 30], [22, 29], [22, 28], [23, 27], [24, 26], [24, 25], [25, 24], [26, 23], [26, 22], [27, 21], [28, 20], [28, 19], [29, 18], [30, 17], [30, 16], [31, 15]]",0,0,10,21,30,31,15,finished,null,null,0
126,PAYG,126_24_3333,26,UberLike1,"[[66, 52], [65, 51], [64, 51], [63, 50], [62, 49], [61, 48], [60, 48], [59, 47], [58, 46], [57, 45], [56, 45], [55, 44], [54, 43], [53, 43], [52, 42], [51, 41], [50, 40], [49, 40], [48, 39], [47, 38], [46, 37], [45, 37], [44, 36], [43, 35], [42, 35], [41, 34], [40, 33], [39, 32], [38, 32], [37, 31], [36, 30], [35, 30], [34, 29], [33, 28], [32, 27], [31, 27], [30, 26], [29, 25], [28, 24], [27, 24], [26, 23]]",20,0,5,66,52,26,23,finished,null,null,0
105,PAYG,105_25_9044,29,UberLike1,"[[61, 77], [61, 76], [61, 75], [60, 74], [60, 73], [60, 72], [60, 71], [59, 70], [59, 69], [59, 68], [59, 67], [58, 66], [58, 65], [58, 64], [58, 63], [57, 62], [57, 61], [57, 60], [57, 59], [56, 58], [56, 57], [56, 56], [56, 55], [55, 54], [55, 53], [55, 52], [55, 51], [54, 50], [54, 49], [54, 48], [54, 47], [53, 46], [53, 45], [53, 44], [53, 43], [52, 42], [52, 41], [52, 40], [52, 39], [51, 38], [51, 37], [51, 36]]",20,0,5,61,77,51,36,finished,null,null,0
110,PAYG,110_30_4111,32,UberLike2,"[[59, 34], [59, 35], [59, 36], [59, 37], [59, 38], [59, 39], [59, 40], [59, 41], [59, 42], [59, 43], [59, 44], [59, 45], [59, 46], [59, 47], [60, 48], [60, 49], [60, 50], [60, 51], [60, 52], [60, 53], [60, 54], [60, 55], [60, 56], [60, 57], [60, 58], [60, 59], [60, 60], [60, 61], [60, 62]]",27.5,0,5,59,34,60,62,finished,null,null,0
83,subscription,83_37_4822,42,BikeShare2,"[[31, 15]]",1.5,0,1,31,15,31,15,finished,null,null,0
40,subscription,40_30_5742,35,walk,"[[53, 64], [54, 63], [55, 62], [55, 61], [56, 60]]",0,0,3,53,64,56,60,finished,null,null,0
88,PAYG,88_32_3389,33,walk,"[[67, 64], [68, 65], [68, 66], [69, 67], [70, 68], [71, 69], [71, 70], [72, 71]]",0,0,5,67,64,72,71,finished,null,null,0
24,subscription,24_36_4847,40,walk,"[[78, 25], [79, 26], [80, 27], [81, 27], [82, 28], [83, 29], [84, 30], [85, 30], [86, 31]]",0,0,5,78,25,86,31,finished,null,null,0
79,subscription,79_41_5771,43,public,"[[""to station"", [[63, 51], ""MANLY""]], [""bus"", ""BUS_E60"", [""MANLY"", ""WYNYARD""]], [""to destination"", [""WYNYARD"", [52, 44]]]]",1.25,0,8,63,51,52,44,finished,null,null,0
69,PAYG,69_41_8884,46,walk,"[[53, 23], [53, 24], [53, 25], [52, 26], [52, 27], [52, 28], [52, 29], [52, 30], [52, 31], [51, 32], [51, 33], [51, 34], [51, 35], [51, 36], [51, 37], [50, 38], [50, 39], [50, 40]]",0,0,11,53,23,50,40,finished,null,null,0
135,subscription,135_35_2295,36,walk,"[[23, 57], [24, 57], [25, 57], [26, 57], [27, 57], [28, 57], [29, 58], [30, 58], [31, 58], [32, 58], [33, 58], [34, 58], [35, 58], [36, 58], [37, 58], [38, 58], [39, 58], [40, 59], [41, 59], [42, 59], [43, 59], [44, 59], [45, 59], [46, 59], [47, 59], [48, 59], [49, 59], [50, 59], [51, 59], [52, 60], [53, 60], [54, 60], [55, 60], [56, 60], [57, 60]]",0,0,23,23,57,57,60,finished,null,null,0
59,PAYG,59_41_4442,44,public,"[[""to station"", [[42, 20], ""HURSTVILLE""]], [""train"", ""T4_ILLAWARRA"", [""HURSTVILLE"", ""REDFERN"", ""CENTRAL""]], [""to destination"", [""CENTRAL"", [52, 39]]]]",1.7999999999999998,0,11,42,20,52,39,finished,null,null,0
129,PAYG,129_31_8669,32,UberLike1,"[[53, 29], [53, 30], [53, 31], [53, 32], [53, 33], [53, 34], [53, 35], [53, 36], [53, 37], [53, 38], [53, 39], [53, 40], [53, 41], [53, 42], [53, 43], [53, 44], [53, 45], [53, 46], [54, 47], [54, 48], [54, 49], [54, 50], [54, 51], [54, 52], [54, 53], [54, 54], [54, 55], [54, 56], [54, 57], [54, 58], [54, 59], [54, 60], [54, 61], [54, 62], [54, 63], [54, 64], [54, 65]]",20,0,5,53,29,54,65,finished,null,null,0
112,PAYG,112_38_9933,40,walk,"[[31, 18]]",0,0,1,31,18,31,18,finished,null,null,0
20,PAYG,20_40_5779,45,BikeShare2,"[[65, 75]]",1.5,0,1,65,75,65,75,finished,null,null,0
40,subscription,40_40_1152,41,BikeShare2,"[[56, 60]]",1.5,0,1,56,60,56,60,finished,null,null,0
90,PAYG,90_40_5058,42,walk,"[[30, 30]]",0,0,1,30,30,30,30,finished,null,null,0
39,PAYG,39_41_8154,42,UberLike1,"[[43, 11], [42, 12], [41, 12], [40, 13], [39, 14], [38, 14], [37, 15], [36, 16], [35, 16], [34, 17], [33, 18], [32, 18], [31, 19], [30, 20], [29, 21], [28, 21], [27, 22], [26, 23], [25, 23], [24, 24], [23, 25], [22, 25], [21, 26], [20, 27], [19, 27], [18, 28]]",20,0,5,43,11,18,28,finished,null,null,0
132,PAYG,132_38_9400,42,UberLike2,"[[41, 69], [42, 69], [43, 70], [44, 70], [45, 70], [46, 71], [47, 71], [48, 71], [49, 71], [50, 72], [51, 72], [52, 72], [53, 73], [54, 73], [55, 73], [56, 74], [57, 74], [58, 74], [59, 74], [60, 75], [61, 75]]",27.5,0,5,41,69,61,75,finished,null,null,0
140,PAYG,140_40_1560,41,UberLike1,"[[56, 68], [56, 67], [56, 66], [55, 65], [55, 64], [55, 63], [55, 62], [54, 61], [54, 60], [54, 59], [54, 58], [53, 57], [53, 56], [53, 55], [53, 54], [52, 53], [52, 52], [52, 51], [52, 50], [51, 49], [51, 48], [51, 47], [51, 46], [50, 45], [50, 44], [50, 43], [50, 42], [49, 41], [49, 40], [49, 39]]",20,0,5,56,68,49,39,finished,null,null,0
102,PAYG,102_38_8503,43,walk,"[[41, 70], [40, 69], [39, 68], [38, 68], [37, 67], [36, 66]]",0,0,3,41,70,36,66,finished,null,null,0
111,PAYG,111_39_5862,44,UberLike1,"[[44, 70], [45, 70], [46, 70], [47, 70], [48, 71], [49, 71], [50, 71], [51, 71], [52, 71], [53, 71], [54, 71], [55, 71], [56, 72], [57, 72], [58, 72], [59, 72]]",20,0,5,44,70,59,72,finished,null,null,0
80,subscription,80_40_3134,45,walk,"[[47, 45], [48, 44], [48, 43], [49, 42], [49, 41], [50, 40], [50, 39]]",0,0,4,47,45,50,39,finished,null,null,0
121,PAYG,121_39_7256,44,BikeShare1,"[[51, 50], [51, 49], [50, 48], [50, 47], [49, 46], [49, 45], [49, 44], [48, 43], [48, 42], [47, 41], [47, 40]]",17.5,0,5,51,50,47,40,finished,null,null,0
2,PAYG,2_38_6850,43,walk,"[[74, 77], [73, 77], [72, 77], [71, 77], [70, 77], [69, 77], [68, 77], [67, 77], [66, 77], [65, 77], [64, 77], [63, 77]]",0,0,7,74,77,63,77,finished,null,null,0
71,PAYG,71_39_2933,41,UberLike2,"[[83, 14], [82, 14], [81, 14], [80, 15], [79, 15], [78, 15], [77, 15], [76, 15], [75, 15], [74, 16], [73, 16], [72, 16], [71, 16], [70, 16], [69, 17], [68, 17], [67, 17], [66, 17], [65, 17], [64, 18], [63, 18], [62, 18], [61, 18], [60, 18], [59, 18], [58, 19], [57, 19], [56, 19], [55, 19], [54, 19], [53, 20], [52, 20], [51, 20], [50, 20], [49, 20], [48, 21], [47, 21], [46, 21], [45, 21], [44, 21], [43, 21], [42, 22], [41, 22], [40, 22], [39, 22], [38, 22], [37, 23], [36, 23], [35, 23], [34, 23], [33, 23], [32, 24], [31, 24], [30, 24], [29, 24], [28, 24], [27, 24], [26, 25], [25, 25], [24, 25]]",27.5,0,5,83,14,24,25,finished,null,null,0
110,PAYG,110_40_8209,45,UberLike1,"[[60, 62], [59, 61], [58, 60], [57, 59], [56, 58], [55, 57], [54, 56], [54, 55], [53, 54], [52, 53], [51, 52], [50, 51], [49, 50], [48, 49], [47, 48], [46, 47], [45, 46], [44, 45], [43, 44], [43, 43], [42, 42], [41, 41], [40, 40], [39, 39], [38, 38], [37, 37], [36, 36], [35, 35], [34, 34], [33, 33], [32, 32], [32, 31], [31, 30], [30, 29], [29, 28], [28, 27], [27, 26], [26, 25]]",20,0,5,60,62,26,25,finished,null,null,0
19,PAYG,19_41_6922,42,walk,"[[40, 7], [39, 7], [38, 8], [37, 8], [36, 9], [35, 9], [34, 10], [33, 10], [32, 11], [31, 11], [30, 12], [29, 12], [28, 13], [27, 13], [26, 14], [25, 14]]",0,0,10,40,7,25,14,finished,null,null,0
29,PAYG,29_41_7094,46,BikeShare2,"[[53, 64], [53, 65], [54, 66], [54, 67], [55, 68], [55, 69], [55, 70], [56, 71], [56, 72], [56, 73], [57, 74], [57, 75], [58, 76], [58, 77]]",19.5,0,6,53,64,58,77,finished,null,null,0
49,PAYG,49_41_1589,42,walk,"[[32, 35], [33, 35], [34, 35], [35, 35], [36, 35], [37, 35], [38, 35], [39, 35], [40, 35], [41, 36], [42, 36], [43, 36], [44, 36], [45, 36], [46, 36], [47, 36], [48, 36], [49, 36]]",0,0,11,32,35,49,36,finished,null,null,0
130,PAYG,130_40_5585,41,public,"[[""to station"", [[39, 25], ""WILEY_PARK""]], [""train"", ""T3_BANKSTOWN"", [""WILEY_PARK"", ""SYDENHAM"", ""CENTRAL""]], [""to destination"", [""CENTRAL"", [50, 38]]]]",1.7999999999999998,0,7,39,25,50,38,finished,null,null,0
30,subscription,30_40_8979,41,public,"[[""to station"", [[50, 41], ""CENTRAL""]], [""train"", ""T1_NORTH_SHORE"", [""CENTRAL"", ""WYNYARD"", ""MILSONS_POINT"", ""NORTH_SYDNEY""]], [""bus"", ""BUS_273"", [""NORTH_SYDNEY"", ""CHATSWOOD""]], [""bus"", ""BUS_575"", [""CHATSWOOD"", ""HORNSBY""]], [""to destination"", [""HORNSBY"", [62, 74]]]]",5.199999999999999,0,11,50,41,62,74,finished,null,null,0
129,PAYG,129_41_6031,44,BikeShare2,"[[54, 65]]",1.5,0,1,54,65,54,65,finished,null,null,0
67,PAYG,67_43_5246,47,public,"[[""to station"", [[60, 70], ""GORDON""]], [""train"", ""T1_NORTH_SHORE"", [""GORDON"", ""ROSEVILLE"", ""CHATSWOOD""]], [""bus"", ""BUS_273"", [""CHATSWOOD"", ""NORTH_SYDNEY""]], [""train"", ""T1_NORTH_SHORE"", [""NORTH_SYDNEY"", ""MILSONS_POINT"", ""WYNYARD"", ""CENTRAL""]], [""train"", ""T8_AIRPORT"", [""CENTRAL"", ""MASCOT"", ""DOMESTIC_AIRPORT""]], [""bus"", ""BUS_400"", [""DOMESTIC_AIRPORT"", ""INTERNATIONAL_AIRPORT""]], [""bus"", ""EB_303_DC2"", [""INTERNATIONAL_AIRPORT"", ""LIVERPOOL""]], [""to destination"", [""LIVERPOOL"", [23, 15]]]]",10.05,0,19,60,70,23,15,Service Selected,null,null,0
7,PAYG,7_43_7262,45,walk,"[[19, 34], [20, 33], [21, 32], [22, 32], [23, 31], [24, 30]]",0,0,3,19,34,24,30,finished,null,null,0
38,PAYG,38_42_4617,47,UberLike1,"[[42, 65], [41, 64], [40, 64], [39, 63], [38, 63], [37, 62], [36, 62], [35, 61], [34, 61], [33, 60], [32, 60], [31, 59], [30, 59], [29, 58], [28, 58]]",20,0,5,42,65,28,58,finished,null,null,0
47,PAYG,47_43_8532,46,walk,"[[54, 41], [54, 42], [53, 43], [53, 44], [53, 45], [52, 46], [52, 47]]",0,0,4,54,41,52,47,finished,null,null,0
98,PAYG,98_42_9006,43,walk,"[[46, 54], [47, 55], [48, 56], [48, 57], [49, 58], [50, 59], [51, 60], [52, 61], [52, 62], [53, 63], [54, 64]]",0,0,7,46,54,54,64,finished,null,null,0
118,PAYG,118_42_1277,46,walk,"[[54, 33], [53, 34], [53, 35], [52, 36], [51, 37], [51, 38], [50, 39]]",0,0,4,54,33,50,39,finished,null,null,0
18,PAYG,18_42_8059,45,UberLike1,"[[55, 77], [55, 76], [55, 75], [55, 74], [54, 73], [54, 72], [54, 71], [54, 70], [54, 69], [54, 68], [53, 67], [53, 66], [53, 65], [53, 64], [53, 63], [53, 62], [52, 61], [52, 60], [52, 59], [52, 58], [52, 57], [52, 56], [52, 55], [51, 54], [51, 53], [51, 52], [51, 51], [51, 50], [51, 49], [50, 48], [50, 47], [50, 46], [50, 45], [50, 44], [50, 43], [49, 42], [49, 41], [49, 40], [49, 39]]",20,0,5,55,77,49,39,finished,null,null,0
99,PAYG,99_41_6331,45,UberLike1,"[[46, 55], [45, 54], [44, 54], [43, 53], [42, 52], [41, 51], [40, 51], [39, 50], [38, 49], [37, 48], [36, 48], [35, 47], [34, 46], [33, 45], [32, 45], [31, 44], [30, 43], [29, 42], [28, 42], [27, 41], [26, 40], [25, 39], [24, 39], [23, 38], [22, 37], [21, 36], [20, 36], [19, 35], [18, 34], [17, 33], [16, 33], [15, 32], [14, 31], [13, 30], [12, 30], [11, 29]]",20,0,5,46,55,11,29,finished,null,null,0
97,PAYG,97_43_7015,44,UberLike1,"[[27, 28], [28, 29], [28, 30], [29, 31], [30, 32], [30, 33], [31, 34], [32, 35], [32, 36], [33, 37], [34, 38], [34, 39], [35, 40], [36, 41], [36, 42], [37, 43], [38, 44], [38, 45], [39, 46], [40, 47], [40, 48], [41, 49], [42, 50], [42, 51], [43, 52], [44, 53], [44, 54], [45, 55], [46, 56], [46, 57], [47, 58], [48, 59], [48, 60], [49, 61], [50, 62], [50, 63], [51, 64], [52, 65], [52, 66], [53, 67], [54, 68], [54, 69], [55, 70], [56, 71], [56, 72], [57, 73], [58, 74], [58, 75], [59, 76]]",20,0,5,27,28,59,76,finished,null,null,0
27,PAYG,27_43_5622,48,UberLike1,"[[58, 45], [57, 44], [56, 44], [55, 43], [54, 43], [53, 42], [52, 41], [51, 41], [50, 40], [49, 39], [48, 39], [47, 38], [46, 38], [45, 37], [44, 36], [43, 36], [42, 35], [41, 35], [40, 34], [39, 33], [38, 33], [37, 32], [36, 32], [35, 31], [34, 30], [33, 30], [32, 29], [31, 28], [30, 28], [29, 27], [28, 27], [27, 26]]",20,0,5,58,45,27,26,finished,null,null,0
107,PAYG,107_43_8853,48,walk,"[[83, 62], [82, 61], [81, 61], [80, 60], [79, 60], [78, 59], [77, 59], [76, 58]]",0,0,5,83,62,76,58,finished,null,null,0
77,subscription,77_43_3573,47,public,"[[""to station"", [[67, 55], ""MANLY""]], [""bus"", ""BUS_143"", [""MANLY"", ""CHATSWOOD""]], [""to destination"", [""CHATSWOOD"", [55, 66]]]]",1.25,0,4,67,55,55,66,finished,null,null,0
48,PAYG,48_42_4191,46,walk,"[[46, 23], [46, 24], [47, 25], [47, 26], [48, 27], [48, 28], [49, 29], [49, 30], [49, 31], [50, 32], [50, 33], [51, 34], [51, 35], [52, 36], [52, 37], [53, 38], [53, 39], [53, 40], [54, 41], [54, 42], [55, 43], [55, 44], [56, 45], [56, 46]]",0,0,15,46,23,56,46,finished,null,null,0
28,subscription,28_42_2571,47,walk,"[[47, 45], [46, 44], [45, 43], [44, 42], [44, 41], [43, 40], [42, 39], [41, 38], [40, 37], [39, 36], [38, 35], [38, 34], [37, 33], [36, 32], [35, 31], [34, 30], [33, 29], [32, 28], [32, 27], [31, 26], [30, 25], [29, 24], [28, 23], [27, 22], [27, 21], [26, 20], [25, 19], [24, 18], [23, 17], [22, 16], [21, 15], [21, 14], [20, 13], [19, 12], [18, 11]]",0,0,23,47,45,18,11,finished,null,null,0
109,PAYG,109_41_5072,46,walk,"[[49, 0], [49, 1], [49, 2], [49, 3], [48, 4], [48, 5], [48, 6], [48, 7], [48, 8], [48, 9], [48, 10], [48, 11], [47, 12], [47, 13], [47, 14], [47, 15], [47, 16], [47, 17], [47, 18], [46, 19], [46, 20], [46, 21], [46, 22], [46, 23], [46, 24], [46, 25], [45, 26], [45, 27], [45, 28], [45, 29], [45, 30], [45, 31], [45, 32], [45, 33], [44, 34], [44, 35], [44, 36], [44, 37]]",0,0,25,49,0,44,37,finished,null,null,0
4,subscription,4_46_2859,50,public,"[[""to station"", [[52, 44], ""WYNYARD""]], [""train"", ""T1_NORTH_SHORE"", [""WYNYARD"", ""MILSONS_POINT"", ""NORTH_SYDNEY""]], [""bus"", ""BUS_273"", [""NORTH_SYDNEY"", ""CHATSWOOD""]], [""to destination"", [""CHATSWOOD"", [53, 62]]]]",3.05,0,10,52,44,53,62,finished,null,null,0
58,PAYG,58_32_7969,36,walk,"[[47, 55], [48, 54], [48, 53], [49, 52], [50, 51], [50, 50], [51, 49], [52, 48], [52, 47], [53, 46]]",0,0,6,47,55,53,46,finished,null,null,0
72,PAYG,72_38_8648,40,UberLike1,"[[48, 6], [47, 7], [47, 8], [46, 9], [45, 10], [45, 11], [44, 12], [43, 13], [43, 14], [42, 15], [41, 16], [41, 17], [40, 18], [39, 19], [39, 20], [38, 21], [37, 22], [37, 23], [36, 24], [35, 25], [35, 26], [34, 27], [33, 28], [33, 29], [32, 30], [31, 31], [31, 32], [30, 33], [29, 34], [29, 35], [28, 36]]",20,0,5,48,6,28,36,finished,null,null,0
113,PAYG,113_37_8845,38,UberLike1,"[[54, 15], [54, 16], [54, 17], [54, 18], [54, 19], [54, 20], [54, 21], [54, 22], [54, 23], [54, 24], [54, 25], [54, 26], [54, 27], [54, 28], [53, 29], [53, 30], [53, 31], [53, 32], [53, 33], [53, 34], [53, 35], [53, 36], [53, 37], [53, 38], [53, 39], [53, 40], [53, 41], [53, 42], [53, 43], [53, 44], [53, 45], [53, 46], [53, 47], [53, 48], [53, 49], [53, 50], [53, 51], [53, 52], [53, 53], [53, 54], [53, 55], [53, 56], [52, 57], [52, 58], [52, 59], [52, 60], [52, 61], [52, 62], [52, 63], [52, 64], [52, 65], [52, 66], [52, 67], [52, 68], [52, 69], [52, 70], [52, 71]]",20,0,5,54,15,52,71,finished,null,null,0
72,PAYG,72_48_3622,52,BikeShare1,"[[28, 36]]",1.75,0,1,28,36,28,36,finished,null,null,0
78,PAYG,78_42_2876,43,walk,"[[48, 70], [49, 69], [50, 68], [51, 67], [52, 67], [53, 66], [54, 65], [55, 64]]",0,0,5,48,70,55,64,finished,null,null,0
127,PAYG,127_43_9329,44,UberLike1,"[[62, 74], [62, 73], [62, 72], [62, 71], [62, 70], [62, 69], [62, 68], [62, 67], [62, 66], [62, 65], [62, 64], [62, 63], [62, 62], [62, 61], [62, 60], [63, 59], [63, 58], [63, 57], [63, 56], [63, 55], [63, 54], [63, 53], [63, 52], [63, 51], [63, 50], [63, 49], [63, 48], [63, 47], [63, 46], [63, 45]]",20,0,5,62,74,63,45,finished,null,null,0
68,PAYG,68_42_3971,46,UberLike1,"[[49, 42], [48, 41], [47, 40], [46, 40], [45, 39], [44, 38], [43, 37], [42, 36], [41, 36], [40, 35], [39, 34], [38, 33], [37, 32], [36, 31], [35, 31], [34, 30], [33, 29], [32, 28], [31, 27], [30, 27], [29, 26], [28, 25]]",20,0,5,49,42,28,25,finished,null,null,0
95,PAYG,95_35_3925,38,public,"[[""to station"", [[9, 25], ""PENRITH""]], [""bus"", ""EB_302_DC2"", [""PENRITH"", ""LIVERPOOL""]], [""to destination"", [""LIVERPOOL"", [23, 13]]]]",1.25,0,7,9,25,23,13,finished,null,null,0
104,PAYG,104_46_3570,47,UberLike1,"[[47, 5], [47, 6], [47, 7], [47, 8], [48, 9], [48, 10], [48, 11], [48, 12], [48, 13], [48, 14], [48, 15], [48, 16], [49, 17], [49, 18], [49, 19], [49, 20], [49, 21], [49, 22], [49, 23], [49, 24], [50, 25], [50, 26], [50, 27], [50, 28], [50, 29], [50, 30], [50, 31], [50, 32], [51, 33], [51, 34], [51, 35], [51, 36], [51, 37], [51, 38], [51, 39], [51, 40], [52, 41], [52, 42], [52, 43], [52, 44]]",20,0,5,47,5,52,44,finished,null,null,0
91,PAYG,91_49_6331,52,UberLike1,"[[54, 58], [54, 57], [53, 56], [53, 55], [52, 54], [52, 53], [51, 52], [51, 51], [50, 50], [50, 49], [49, 48], [49, 47], [49, 46], [48, 45], [48, 44], [47, 43], [47, 42], [46, 41], [46, 40], [45, 39], [45, 38]]",20,0,5,54,58,45,38,finished,null,null,0
125,PAYG,125_45_8389,47,UberLike1,"[[74, 5], [74, 6], [74, 7], [73, 8], [73, 9], [73, 10], [73, 11], [72, 12], [72, 13], [72, 14], [72, 15], [72, 16], [71, 17], [71, 18], [71, 19], [71, 20], [70, 21], [70, 22], [70, 23], [70, 24], [70, 25], [69, 26], [69, 27], [69, 28], [69, 29], [68, 30], [68, 31], [68, 32], [68, 33], [67, 34], [67, 35], [67, 36], [67, 37], [67, 38], [66, 39], [66, 40], [66, 41], [66, 42], [65, 43], [65, 44], [65, 45], [65, 46], [65, 47], [64, 48], [64, 49], [64, 50], [64, 51], [63, 52], [63, 53], [63, 54], [63, 55], [63, 56], [62, 57], [62, 58], [62, 59], [62, 60], [61, 61], [61, 62], [61, 63]]",20,0,5,74,5,61,63,finished,null,null,0
8,PAYG,8_42_6541,47,UberLike1,"[[58, 15], [58, 16], [58, 17], [58, 18], [58, 19], [58, 20], [58, 21], [58, 22], [59, 23], [59, 24], [59, 25], [59, 26], [59, 27], [59, 28], [59, 29], [59, 30], [59, 31], [59, 32], [59, 33], [59, 34], [59, 35], [59, 36], [59, 37], [60, 38], [60, 39], [60, 40], [60, 41], [60, 42], [60, 43], [60, 44], [60, 45], [60, 46], [60, 47], [60, 48], [60, 49], [60, 50], [60, 51], [61, 52], [61, 53], [61, 54], [61, 55], [61, 56], [61, 57], [61, 58], [61, 59], [61, 60], [61, 61], [61, 62], [61, 63], [61, 64], [61, 65], [61, 66], [62, 67], [62, 68], [62, 69], [62, 70], [62, 71], [62, 72], [62, 73], [62, 74]]",20,0,5,58,15,62,74,finished,null,null,0
51,PAYG,51_49_2627,50,UberLike1,"[[81, 19], [81, 20], [80, 21], [80, 22], [80, 23], [79, 24], [79, 25], [79, 26], [78, 27], [78, 28], [78, 29], [77, 30], [77, 31], [77, 32], [76, 33], [76, 34], [76, 35], [75, 36], [75, 37], [75, 38], [74, 39], [74, 40], [74, 41], [73, 42], [73, 43], [73, 44], [72, 45], [72, 46], [72, 47], [71, 48], [71, 49], [71, 50], [70, 51], [70, 52], [70, 53], [69, 54], [69, 55], [69, 56], [68, 57], [68, 58], [68, 59], [67, 60], [67, 61], [67, 62], [66, 63], [66, 64], [66, 65], [65, 66], [65, 67], [65, 68], [64, 69], [64, 70]]",20,0,5,81,19,64,70,finished,null,null,0
9,PAYG,9_31_5067,32,walk,"[[68, 33], [67, 33], [66, 33], [65, 33], [64, 33], [63, 33], [62, 32], [61, 32], [60, 32], [59, 32], [58, 32], [57, 32], [56, 32], [55, 32], [54, 32], [53, 32], [52, 32], [51, 31], [50, 31], [49, 31], [48, 31], [47, 31], [46, 31], [45, 31], [44, 31], [43, 31], [42, 31], [41, 31], [40, 30], [39, 30], [38, 30], [37, 30], [36, 30], [35, 30], [34, 30], [33, 30], [32, 30], [31, 30], [30, 30], [29, 29], [28, 29], [27, 29], [26, 29], [25, 29], [24, 29]]",0,0,29,68,33,24,29,finished,null,null,0
16,PAYG,16_54_8521,58,UberLike1,"[[49, 62], [49, 61], [49, 60], [48, 59], [48, 58], [48, 57], [48, 56], [48, 55], [47, 54], [47, 53], [47, 52], [47, 51], [46, 50], [46, 49], [46, 48], [46, 47], [46, 46], [45, 45], [45, 44], [45, 43], [45, 42], [45, 41], [44, 40], [44, 39], [44, 38]]",20,0,5,49,62,44,38,finished,null,null,0
139,PAYG,139_51_2536,54,UberLike2,"[[61, 73], [60, 72], [59, 71], [59, 70], [58, 69], [57, 68], [56, 67], [55, 66], [54, 65], [54, 64], [53, 63], [52, 62], [51, 61], [50, 60], [49, 59], [49, 58], [48, 57], [47, 56], [46, 55], [45, 54], [44, 53], [44, 52], [43, 51], [42, 50], [41, 49], [40, 48], [40, 47], [39, 46], [38, 45], [37, 44], [36, 43], [35, 42], [35, 41], [34, 40], [33, 39], [32, 38], [31, 37], [30, 36], [30, 35], [29, 34], [28, 33], [27, 32], [26, 31], [25, 30], [25, 29], [24, 28], [23, 27]]",27.5,0,5,61,73,23,27,finished,null,null,0
126,PAYG,126_44_3057,48,BikeShare1,"[[26, 23]]",1.75,0,1,26,23,26,23,finished,null,null,0
105,PAYG,105_45_6448,50,BikeShare1,"[[51, 36]]",1.75,0,1,51,36,51,36,finished,null,null,0
44,PAYG,44_46_5245,48,walk,"[[45, 36]]",0,0,1,45,36,45,36,finished,null,null,0
15,PAYG,15_45_6668,46,walk,"[[51, 63], [52, 62], [52, 61], [53, 60], [53, 59], [54, 58]]",0,0,3,51,63,54,58,finished,null,null,0
55,PAYG,55_45_8849,46,UberLike1,"[[52, 34], [52, 35], [52, 36], [52, 37], [52, 38], [52, 39], [52, 40], [52, 41], [52, 42], [52, 43], [52, 44], [52, 45], [52, 46], [52, 47], [52, 48], [52, 49], [52, 50], [52, 51], [52, 52], [52, 53], [52, 54], [52, 55], [52, 56], [52, 57], [52, 58], [52, 59], [52, 60], [52, 61], [52, 62], [52, 63], [52, 64], [52, 65]]",20,0,5,52,34,52,65,finished,null,null,0
106,PAYG,106_44_2575,48,walk,"[[61, 76], [60, 75], [59, 75], [58, 74], [57, 74]]",0,0,3,61,76,57,74,finished,null,null,0
85,subscription,85_45_4712,48,walk,"[[83, 65], [84, 64], [85, 63], [86, 62], [87, 62], [88, 61], [89, 60]]",0,0,4,83,65,89,60,finished,null,null,0
115,PAYG,115_45_2379,50,UberLike1,"[[67, 19], [66, 20], [66, 21], [65, 22], [65, 23], [64, 24], [64, 25], [63, 26], [63, 27], [62, 28], [62, 29], [61, 30], [61, 31], [60, 32], [60, 33], [59, 34], [59, 35], [58, 36], [58, 37], [57, 38]]",20,0,5,67,19,57,38,finished,null,null,0
5,PAYG,5_45_7676,49,walk,"[[20, 22], [21, 23], [21, 24], [22, 25], [22, 26], [23, 27], [23, 28], [24, 29]]",0,0,5,20,22,24,29,finished,null,null,0
26,PAYG,26_44_8214,46,walk,"[[61, 60], [61, 61], [61, 62], [62, 63], [62, 64], [62, 65], [62, 66], [62, 67], [62, 68], [63, 69], [63, 70], [63, 71], [63, 72]]",0,0,8,61,60,63,72,finished,null,null,0
65,PAYG,65_45_9065,50,UberLike1,"[[53, 28], [53, 29], [53, 30], [53, 31], [53, 32], [53, 33], [53, 34], [53, 35], [53, 36], [53, 37], [53, 38], [53, 39], [53, 40], [53, 41], [53, 42], [53, 43], [53, 44], [53, 45], [53, 46], [53, 47], [53, 48], [53, 49], [53, 50], [53, 51]]",20,0,5,53,28,53,51,finished,null,null,0
96,PAYG,96_44_1696,46,walk,"[[42, 58], [41, 59], [40, 60], [39, 60], [38, 61], [37, 62], [36, 63], [35, 63], [34, 64], [33, 65], [32, 66], [31, 66], [30, 67]]",0,0,8,42,58,30,67,finished,null,null,0
35,subscription,35_45_9648,46,walk,"[[52, 46], [53, 47], [53, 48], [54, 49], [54, 50], [55, 51], [55, 52], [56, 53], [56, 54], [57, 55], [57, 56], [58, 57], [58, 58], [59, 59]]",0,0,9,52,46,59,59,finished,null,null,0
46,PAYG,46_44_1295,48,walk,"[[33, 50], [32, 49], [32, 48], [31, 47], [31, 46], [30, 45], [30, 44], [29, 43], [29, 42], [28, 41], [28, 40], [27, 39], [27, 38], [26, 37], [26, 36], [25, 35]]",0,0,10,33,50,25,35,finished,null,null,0
75,PAYG,75_45_2267,50,walk,"[[67, 75], [68, 75], [69, 76], [70, 76], [71, 76], [72, 77], [73, 77], [74, 77], [75, 77], [76, 78], [77, 78], [78, 78], [79, 79], [80, 79]]",0,0,9,67,75,80,79,finished,null,null,0
45,PAYG,45_45_8623,48,walk,"[[9, 32], [10, 31], [11, 30], [12, 29], [13, 28], [14, 27], [15, 26], [16, 25], [17, 24], [17, 23], [18, 22], [19, 21], [20, 20], [21, 19], [22, 18], [23, 17], [24, 16], [25, 15]]",0,0,11,9,32,25,15,finished,null,null,0
76,PAYG,76_44_9134,46,walk,"[[25, 33], [26, 34], [27, 34], [28, 35], [29, 35], [30, 36], [31, 36], [32, 37], [33, 37], [34, 38], [35, 38], [36, 39], [37, 39], [38, 40], [39, 40], [40, 41], [41, 41], [42, 42], [43, 42], [44, 43], [45, 43], [46, 44], [47, 44], [48, 45], [49, 45]]",0,0,16,25,33,49,45,finished,null,null,0
66,PAYG,66_44_8327,46,walk,"[[2, 31], [3, 31], [4, 30], [5, 30], [6, 30], [7, 30], [8, 29], [9, 29], [10, 29], [11, 29], [12, 28], [13, 28], [14, 28], [15, 28], [16, 27], [17, 27], [18, 27], [19, 27], [20, 26], [21, 26], [22, 26], [23, 26], [24, 25], [25, 25], [26, 25], [27, 25], [28, 24], [29, 24]]",0,0,18,2,31,29,24,finished,null,null,0
36,subscription,36_44_2954,47,walk,"[[47, 22], [46, 22], [45, 22], [44, 22], [43, 21], [42, 21], [41, 21], [40, 21], [39, 21], [38, 21], [37, 20], [36, 20], [35, 20], [34, 20], [33, 20], [32, 20], [31, 20], [30, 19], [29, 19], [28, 19], [27, 19], [26, 19], [25, 19], [24, 18], [23, 18], [22, 18], [21, 18]]",0,0,17,47,22,21,18,finished,null,null,0
136,subscription,136_44_6006,48,walk,"[[52, 62], [52, 61], [52, 60], [52, 59], [52, 58], [52, 57], [52, 56], [52, 55], [52, 54], [52, 53], [52, 52], [52, 51], [52, 50], [51, 49], [51, 48], [51, 47], [51, 46], [51, 45], [51, 44], [51, 43], [51, 42], [51, 41], [51, 40], [51, 39], [51, 38], [51, 37], [51, 36]]",0,0,17,52,62,51,36,finished,null,null,0
116,PAYG,116_44_5083,45,walk,"[[81, 45], [80, 45], [79, 45], [78, 45], [77, 45], [76, 46], [75, 46], [74, 46], [73, 46], [72, 46], [71, 46], [70, 46], [69, 46], [68, 47], [67, 47], [66, 47], [65, 47], [64, 47], [63, 47], [62, 47], [61, 47], [60, 48], [59, 48], [58, 48], [57, 48], [56, 48], [55, 48], [54, 48], [53, 48], [52, 49], [51, 49], [50, 49], [49, 49], [48, 49]]",0,0,22,81,45,48,49,finished,null,null,0
83,subscription,83_47_7525,49,BikeShare1,"[[31, 15]]",1.75,0,1,31,15,31,15,finished,null,null,0
22,PAYG,22_48_7353,49,walk,"[[20, 22], [21, 23], [21, 24], [22, 25], [22, 26], [23, 27], [23, 28], [24, 29]]",0,0,5,20,22,24,29,finished,null,null,0
54,PAYG,54_46_1189,49,UberLike1,"[[73, 19], [72, 19], [71, 20], [70, 20], [69, 20], [68, 21], [67, 21], [66, 21], [65, 22], [64, 22], [63, 22], [62, 23], [61, 23], [60, 23], [59, 24], [58, 24], [57, 24], [56, 25], [55, 25], [54, 25], [53, 26], [52, 26], [51, 26], [50, 27], [49, 27], [48, 27], [47, 28], [46, 28], [45, 28], [44, 29], [43, 29]]",20,0,5,73,19,43,29,finished,null,null,0
114,subscription,114_46_9277,50,UberLike1,"[[21, 55], [21, 54], [21, 53], [22, 52], [22, 51], [22, 50], [22, 49], [22, 48], [23, 47], [23, 46], [23, 45], [23, 44], [23, 43], [24, 42], [24, 41], [24, 40], [24, 39], [24, 38], [25, 37], [25, 36], [25, 35], [25, 34], [25, 33], [26, 32], [26, 31], [26, 30]]",20,0,5,21,55,26,30,finished,null,null,0
42,PAYG,42_48_2066,49,walk,"[[62, 57], [61, 58], [60, 59], [60, 60], [59, 61], [58, 62], [57, 63], [57, 64], [56, 65]]",0,0,5,62,57,56,65,finished,null,null,0
64,PAYG,64_46_2518,48,walk,"[[50, 20], [51, 19], [52, 18], [53, 17], [54, 16], [55, 15], [56, 14], [57, 13], [58, 12], [59, 11], [60, 10]]",0,0,7,50,20,60,10,finished,null,null,0
73,PAYG,73_47_3019,49,UberLike1,"[[65, 21], [64, 21], [63, 21], [62, 22], [61, 22], [60, 22], [59, 22], [58, 23], [57, 23], [56, 23], [55, 23], [54, 23], [53, 24], [52, 24], [51, 24], [50, 24], [49, 25], [48, 25], [47, 25], [46, 25], [45, 26], [44, 26], [43, 26], [42, 26], [41, 26], [40, 27], [39, 27], [38, 27], [37, 27], [36, 28], [35, 28], [34, 28], [33, 28], [32, 28], [31, 29], [30, 29], [29, 29], [28, 29], [27, 30], [26, 30], [25, 30]]",20,0,5,65,21,25,30,finished,null,null,0
32,PAYG,32_48_4585,49,walk,"[[77, 52], [76, 51], [75, 50], [74, 49], [73, 48], [72, 47], [71, 46], [70, 45], [69, 44], [68, 43], [67, 42], [66, 41]]",0,0,7,77,52,66,41,finished,null,null,0
33,PAYG,33_47_1636,48,UberLike1,"[[75, 21], [75, 22], [75, 23], [74, 24], [74, 25], [74, 26], [74, 27], [73, 28], [73, 29], [73, 30], [73, 31], [72, 32], [72, 33], [72, 34], [72, 35], [71, 36], [71, 37], [71, 38], [71, 39], [70, 40], [70, 41], [70, 42], [70, 43], [69, 44], [69, 45], [69, 46], [69, 47], [68, 48], [68, 49], [68, 50], [68, 51], [67, 52], [67, 53], [67, 54], [67, 55], [66, 56], [66, 57], [66, 58], [66, 59], [65, 60], [65, 61], [65, 62], [65, 63], [64, 64], [64, 65], [64, 66], [64, 67], [63, 68], [63, 69], [63, 70], [63, 71], [62, 72], [62, 73], [62, 74]]",20,0,5,75,21,62,74,finished,null,null,0
53,PAYG,53_47_8664,50,UberLike1,"[[41, 59], [41, 58], [41, 57], [41, 56], [41, 55], [42, 54], [42, 53], [42, 52], [42, 51], [42, 50], [42, 49], [42, 48], [42, 47], [42, 46], [42, 45], [43, 44], [43, 43], [43, 42], [43, 41], [43, 40], [43, 39], [43, 38], [43, 37], [43, 36], [43, 35], [44, 34], [44, 33], [44, 32], [44, 31], [44, 30], [44, 29], [44, 28], [44, 27], [44, 26], [44, 25], [45, 24], [45, 23], [45, 22], [45, 21], [45, 20], [45, 19]]",20,0,5,41,59,45,19,finished,null,null,0
84,PAYG,84_46_4437,51,UberLike1,"[[62, 20], [62, 21], [62, 22], [61, 23], [61, 24], [61, 25], [61, 26], [61, 27], [60, 28], [60, 29], [60, 30], [60, 31], [59, 32], [59, 33], [59, 34], [59, 35], [59, 36], [58, 37], [58, 38], [58, 39], [58, 40], [58, 41], [57, 42], [57, 43], [57, 44], [57, 45], [57, 46], [56, 47], [56, 48], [56, 49], [56, 50], [55, 51], [55, 52], [55, 53], [55, 54], [55, 55], [54, 56], [54, 57], [54, 58]]",20,0,5,62,20,54,58,finished,null,null,0
124,PAYG,124_46_1796,51,walk,"[[52, 45], [52, 46], [52, 47], [52, 48], [51, 49], [51, 50], [51, 51], [51, 52], [51, 53]]",0,0,5,52,45,51,53,finished,null,null,0
13,PAYG,13_47_6797,51,walk,"[[50, 35], [50, 34], [49, 33], [49, 32], [48, 31], [48, 30], [47, 29], [47, 28], [47, 27], [46, 26], [46, 25], [45, 24], [45, 23]]",0,0,8,50,35,45,23,finished,null,null,0
62,subscription,62_48_1681,52,UberLike1,"[[84, 7], [84, 8], [83, 9], [83, 10], [82, 11], [82, 12], [82, 13], [81, 14], [81, 15], [80, 16], [80, 17], [79, 18], [79, 19], [79, 20], [78, 21], [78, 22], [77, 23], [77, 24], [77, 25], [76, 26], [76, 27], [75, 28], [75, 29], [75, 30], [74, 31], [74, 32], [73, 33], [73, 34], [72, 35], [72, 36], [72, 37], [71, 38], [71, 39], [70, 40], [70, 41], [70, 42], [69, 43], [69, 44], [68, 45], [68, 46], [67, 47], [67, 48], [67, 49], [66, 50], [66, 51], [65, 52], [65, 53], [65, 54], [64, 55], [64, 56], [63, 57], [63, 58], [63, 59], [62, 60], [62, 61], [61, 62], [61, 63], [60, 64], [60, 65], [60, 66], [59, 67], [59, 68], [58, 69], [58, 70]]",20,0,5,84,7,58,70,finished,null,null,0
103,PAYG,103_47_2783,48,walk,"[[45, 37], [44, 36], [43, 36], [42, 35], [41, 34], [40, 34], [39, 33], [38, 32], [37, 31], [36, 31], [35, 30], [34, 29], [33, 29], [32, 28], [31, 27], [30, 27], [29, 26], [28, 25], [27, 24], [26, 24], [25, 23], [24, 22], [23, 22], [22, 21]]",0,0,15,45,37,22,21,finished,null,null,0
3,PAYG,3_47_3044,50,walk,"[[24, 47], [24, 46], [24, 45], [24, 44], [23, 43], [23, 42], [23, 41], [23, 40], [23, 39], [23, 38], [23, 37], [23, 36], [22, 35], [22, 34], [22, 33], [22, 32], [22, 31], [22, 30], [22, 29], [22, 28], [21, 27], [21, 26], [21, 25], [21, 24], [21, 23], [21, 22], [21, 21], [21, 20], [20, 19], [20, 18], [20, 17], [20, 16]]",0,0,21,24,47,20,16,finished,null,null,0
74,PAYG,74_46_9178,49,walk,"[[21, 58], [22, 58], [23, 57], [24, 57], [25, 57], [26, 57], [27, 56], [28, 56], [29, 56], [30, 55], [31, 55], [32, 55], [33, 55], [34, 54], [35, 54], [36, 54], [37, 53], [38, 53], [39, 53], [40, 53], [41, 52], [42, 52], [43, 52], [44, 52], [45, 51], [46, 51], [47, 51], [48, 50], [49, 50], [50, 50], [51, 50], [52, 49], [53, 49]]",0,0,21,21,58,53,49,finished,null,null,0
102,PAYG,102_48_6870,52,walk,"[[36, 66]]",0,0,1,36,66,36,66,finished,null,null,0
112,PAYG,112_48_9239,51,walk,"[[31, 18]]",0,0,1,31,18,31,18,finished,null,null,0
31,PAYG,31_49_8110,53,BikeShare2,"[[47, 37]]",1.5,0,1,47,37,47,37,finished,null,null,0
20,PAYG,20_50_5791,55,walk,"[[65, 75]]",0,0,1,65,75,65,75,finished,null,null,0
80,subscription,80_50_3758,54,BikeShare2,"[[50, 39]]",1.5,0,1,50,39,50,39,finished,null,null,0
90,PAYG,90_50_2760,51,BikeShare1,"[[30, 30]]",1.75,0,1,30,30,30,30,finished,null,null,0
141,PAYG,141_49_9569,50,walk,"[[49, 36], [48, 35], [47, 35]]",0,0,1,49,36,47,35,finished,null,null,0
132,PAYG,132_48_1867,50,UberLike1,"[[61, 75], [60, 74], [60, 73], [59, 72], [59, 71], [58, 70], [58, 69], [57, 68], [57, 67], [56, 66], [56, 65], [55, 64], [55, 63], [54, 62], [54, 61], [53, 60], [53, 59], [52, 58], [51, 57], [51, 56], [50, 55], [50, 54], [49, 53], [49, 52], [48, 51], [48, 50], [47, 49], [47, 48], [46, 47], [46, 46], [45, 45], [45, 44], [44, 43], [44, 42], [43, 41]]",20,0,5,61,75,43,41,finished,null,null,0
21,PAYG,21_49_5293,51,UberLike1,"[[46, 35], [46, 36], [47, 37], [47, 38], [48, 39], [48, 40], [49, 41], [49, 42], [50, 43], [50, 44], [51, 45], [51, 46], [52, 47], [52, 48], [52, 49], [53, 50], [53, 51], [54, 52], [54, 53], [55, 54], [55, 55], [56, 56], [56, 57], [57, 58], [57, 59], [58, 60], [58, 61], [59, 62], [59, 63], [59, 64], [60, 65], [60, 66], [61, 67], [61, 68], [62, 69], [62, 70], [63, 71], [63, 72], [64, 73], [64, 74], [65, 75], [65, 76]]",20,0,5,46,35,65,76,finished,null,null,0
101,PAYG,101_49_6658,54,walk,"[[19, 20], [18, 19], [17, 19], [16, 18], [15, 18], [14, 17]]",0,0,3,19,20,14,17,finished,null,null,0
81,PAYG,81_49_8319,54,walk,"[[46, 57], [45, 58], [44, 58], [43, 59], [42, 59], [41, 60], [40, 60], [39, 61]]",0,0,5,46,57,39,61,finished,null,null,0
50,PAYG,50_50_4670,55,walk,"[[49, 60], [49, 59], [48, 58], [48, 57], [48, 56], [48, 55], [47, 54], [47, 53]]",0,0,5,49,60,47,53,finished,null,null,0
61,subscription,61_49_1441,54,UberLike1,"[[58, 33], [57, 32], [56, 32], [55, 31], [54, 30], [53, 30], [52, 29], [51, 28], [50, 28], [49, 27], [48, 26], [47, 26], [46, 25], [45, 24], [44, 24], [43, 23], [42, 22], [41, 22], [40, 21], [39, 20], [38, 20], [37, 19], [36, 18], [35, 18], [34, 17], [33, 16], [32, 16], [31, 15], [30, 14], [29, 14], [28, 13], [27, 12], [26, 12], [25, 11]]",20,0,5,58,33,25,11,finished,null,null,0
6,PAYG,6_54_8430,57,UberLike1,"[[38, 22], [39, 23], [39, 24], [40, 25], [40, 26], [41, 27], [41, 28], [42, 29], [43, 30], [43, 31], [44, 32], [44, 33], [45, 34], [46, 35], [46, 36], [47, 37], [47, 38], [48, 39], [48, 40], [49, 41], [50, 42], [50, 43], [51, 44], [51, 45], [52, 46], [53, 47], [53, 48], [54, 49], [54, 50], [55, 51], [55, 52], [56, 53]]",20,0,5,38,22,56,53,finished,null,null,0
70,subscription,70_50_8086,53,walk,"[[40, 20], [39, 21], [38, 21], [37, 22], [36, 22], [35, 23], [34, 24], [33, 24], [32, 25], [31, 25], [30, 26], [29, 26], [28, 27], [27, 28], [26, 28], [25, 29], [24, 29], [23, 30]]",0,0,11,40,20,23,30,finished,null,null,0
92,PAYG,92_48_2954,52,walk,"[[35, 17], [36, 18], [37, 19], [37, 20], [38, 21], [39, 22], [40, 23], [41, 24], [41, 25], [42, 26], [43, 27], [44, 28], [45, 29], [45, 30], [46, 31], [47, 32], [48, 33], [49, 34], [49, 35], [50, 36], [51, 37]]",0,0,13,35,17,51,37,finished,null,null,0
131,PAYG,131_49_7337,50,walk,"[[60, 25], [59, 25], [58, 25], [57, 25], [56, 26], [55, 26], [54, 26], [53, 26], [52, 26], [51, 26], [50, 26], [49, 26], [48, 27], [47, 27], [46, 27], [45, 27], [44, 27], [43, 27], [42, 27], [41, 27], [40, 28], [39, 28], [38, 28], [37, 28], [36, 28], [35, 28], [34, 28], [33, 28], [32, 29], [31, 29], [30, 29], [29, 29]]",0,0,21,60,25,29,29,finished,null,null,0
41,PAYG,41_49_1071,54,walk,"[[55, 46], [54, 46], [53, 45], [52, 45], [51, 45], [50, 44], [49, 44], [48, 44], [47, 43], [46, 43], [45, 43], [44, 42], [43, 42], [42, 42], [41, 41], [40, 41], [39, 40], [38, 40], [37, 40], [36, 39], [35, 39], [34, 39], [33, 38], [32, 38], [31, 38], [30, 37], [29, 37], [28, 37], [27, 36], [26, 36]]",0,0,19,55,46,26,36,finished,null,null,0
10,PAYG,10_50_4964,53,walk,"[[76, 15], [75, 16], [75, 17], [74, 18], [73, 19], [73, 20], [72, 21], [71, 22], [71, 23], [70, 24], [69, 25], [69, 26], [68, 27], [67, 28], [67, 29], [66, 30], [65, 31], [64, 32], [64, 33], [63, 34], [62, 35], [62, 36], [61, 37], [60, 38], [60, 39], [59, 40], [58, 41], [58, 42], [57, 43], [56, 44], [56, 45], [55, 46], [54, 47], [54, 48], [53, 49]]",0,0,23,76,15,53,49,finished,null,null,0
82,PAYG,82_48_7774,50,walk,"[[83, 21], [82, 21], [81, 21], [80, 21], [79, 22], [78, 22], [77, 22], [76, 22], [75, 22], [74, 22], [73, 22], [72, 22], [71, 23], [70, 23], [69, 23], [68, 23], [67, 23], [66, 23], [65, 23], [64, 24], [63, 24], [62, 24], [61, 24], [60, 24], [59, 24], [58, 24], [57, 25], [56, 25], [55, 25], [54, 25], [53, 25], [52, 25], [51, 25], [50, 25], [49, 26], [48, 26], [47, 26], [46, 26], [45, 26], [44, 26], [43, 26], [42, 27], [41, 27], [40, 27], [39, 27], [38, 27], [37, 27], [36, 27], [35, 27], [34, 28], [33, 28], [32, 28], [31, 28]]",0,0,35,83,21,31,28,finished,null,null,0
140,PAYG,140_50_2515,51,BikeShare2,"[[49, 39]]",1.5,0,1,49,39,49,39,finished,null,null,0
39,PAYG,39_51_5766,53,walk,"[[18, 28]]",0,0,1,18,28,18,28,finished,null,null,0
129,PAYG,129_51_3253,52,BikeShare1,"[[54, 65]]",1.75,0,1,54,65,54,65,finished,null,null,0
18,PAYG,18_52_4921,57,walk,"[[49, 39]]",0,0,1,49,39,49,39,finished,null,null,0
38,PAYG,38_52_5751,56,BikeShare1,"[[28, 58]]",1.75,0,1,28,58,28,58,finished,null,null,0
88,PAYG,88_52_9989,57,BikeShare2,"[[72, 71]]",1.5,0,1,72,71,72,71,finished,null,null,0
98,PAYG,98_52_3808,54,walk,"[[54, 64]]",0,0,1,54,64,54,64,finished,null,null,0
118,PAYG,118_52_4593,56,BikeShare2,"[[50, 39]]",1.5,0,1,50,39,50,39,finished,null,null,0
7,PAYG,7_53_5952,54,walk,"[[24, 30]]",0,0,1,24,30,24,30,finished,null,null,0
97,PAYG,97_53_1499,56,BikeShare2,"[[59, 76]]",1.5,0,1,59,76,59,76,finished,null,null,0
127,PAYG,127_53_8269,54,walk,"[[63, 45]]",0,0,1,63,45,63,45,finished,null,null,0
108,PAYG,108_52_5793,53,walk,"[[44, 66], [43, 66], [42, 66], [41, 66], [40, 66]]",0,0,3,44,66,40,66,finished,null,null,0
117,PAYG,117_53_8252,55,walk,"[[56, 74], [56, 75], [56, 76], [57, 77], [57, 78], [57, 79]]",0,0,3,56,74,57,79,finished,null,null,0
57,PAYG,57_53_3937,56,walk,"[[59, 71], [60, 72], [60, 73], [61, 74], [61, 75], [62, 76]]",0,0,3,59,71,62,76,finished,null,null,0
119,PAYG,119_51_1720,55,walk,"[[45, 45], [45, 44], [45, 43], [44, 42], [44, 41], [44, 40], [44, 39], [43, 38], [43, 37], [43, 36]]",0,0,6,45,45,43,36,finished,null,null,0
58,PAYG,58_52_9111,57,UberLike2,"[[53, 46], [52, 45], [51, 45], [50, 44], [49, 44], [48, 43], [47, 43], [46, 42], [45, 41], [44, 41], [43, 40], [42, 40], [41, 39], [40, 39], [39, 38], [38, 38], [37, 37], [36, 36], [35, 36], [34, 35], [33, 35], [32, 34], [31, 34], [30, 33], [29, 32], [28, 32], [27, 31], [26, 31], [25, 30], [24, 30], [23, 29], [22, 29], [21, 28], [20, 27], [19, 27], [18, 26], [17, 26], [16, 25], [15, 25], [14, 24]]",27.5,0,5,53,46,14,24,finished,null,null,0
17,PAYG,17_53_9355,55,UberLike1,"[[75, 2], [74, 3], [73, 3], [72, 4], [71, 4], [70, 5], [69, 6], [68, 6], [67, 7], [66, 7], [65, 8], [64, 9], [63, 9], [62, 10], [61, 10], [60, 11], [59, 11], [58, 12], [57, 13], [56, 13], [55, 14], [54, 14], [53, 15], [52, 16], [51, 16], [50, 17], [49, 17], [48, 18], [47, 19], [46, 19], [45, 20], [44, 20], [43, 21], [42, 22], [41, 22], [40, 23], [39, 23], [38, 24], [37, 25], [36, 25], [35, 26], [34, 26], [33, 27], [32, 27], [31, 28], [30, 29], [29, 29], [28, 30], [27, 30], [26, 31], [25, 32], [24, 32], [23, 33], [22, 33], [21, 34]]",20,0,5,75,2,21,34,finished,null,null,0
138,PAYG,138_52_3178,57,walk,"[[17, 40], [18, 39], [19, 38], [20, 37], [21, 36], [22, 35], [23, 34], [24, 34], [25, 33], [26, 32], [27, 31], [28, 30], [29, 29], [30, 28]]",0,0,9,17,40,30,28,finished,null,null,0
89,PAYG,89_51_1673,52,public,"[[""to station"", [[55, 49], ""NORTH_SYDNEY""]], [""train"", ""T1_NORTH_SHORE"", [""NORTH_SYDNEY"", ""MILSONS_POINT"", ""WYNYARD""]], [""to destination"", [""WYNYARD"", [47, 44]]]]",1.7999999999999998,0,8,55,49,47,44,finished,null,null,0
120,PAYG,120_50_7124,52,walk,"[[24, 27], [25, 28], [25, 29], [26, 30], [27, 31], [28, 32], [28, 33], [29, 34], [30, 35], [31, 36], [31, 37], [32, 38], [33, 39], [34, 40], [34, 41], [35, 42], [36, 43], [37, 44], [37, 45], [38, 46], [39, 47], [39, 48], [40, 49], [41, 50], [42, 51], [42, 52], [43, 53], [44, 54], [45, 55], [45, 56], [46, 57], [47, 58], [48, 59], [48, 60], [49, 61], [50, 62], [51, 63], [51, 64], [52, 65]]",0,0,25,24,27,52,65,finished,null,null,0
37,PAYG,37_53_5012,54,walk,"[[14, 47], [14, 46], [14, 45], [14, 44], [15, 43], [15, 42], [15, 41], [15, 40], [15, 39], [15, 38], [16, 37], [16, 36], [16, 35], [16, 34], [16, 33], [16, 32], [17, 31], [17, 30], [17, 29], [17, 28], [17, 27], [17, 26], [18, 25], [18, 24], [18, 23], [18, 22], [18, 21], [18, 20], [19, 19], [19, 18], [19, 17], [19, 16], [19, 15], [19, 14], [20, 13], [20, 12], [20, 11], [20, 10]]",0,0,25,14,47,20,10,finished,null,null,0
128,PAYG,128_52_2062,54,walk,"[[83, 3], [82, 4], [82, 5], [81, 6], [81, 7], [80, 8], [80, 9], [79, 10], [79, 11], [78, 12], [78, 13], [77, 14], [77, 15], [76, 16], [76, 17], [75, 18], [75, 19], [74, 20], [74, 21], [73, 22], [73, 23], [72, 24], [72, 25], [71, 26], [71, 27], [70, 28], [70, 29], [69, 30], [69, 31], [68, 32], [68, 33], [67, 34], [67, 35], [66, 36], [66, 37], [65, 38], [65, 39], [64, 40], [64, 41], [63, 42], [63, 43], [62, 44]]",0,0,27,83,3,62,44,finished,null,null,0
19,PAYG,19_91_5738,93,public,"[[""to station"", [[25, 14], ""LIVERPOOL""]], [""bus"", ""EB_302_DC2"", [""LIVERPOOL"", ""PENRITH""]], [""train"", ""T1_WESTERN"", [""PENRITH"", ""BLACKTOWN""]], [""to destination"", [""BLACKTOWN"", [15, 30]]]]",2.15,0,7,25,14,15,30,Service Selected,null,null,0
106,PAYG,106_54_5465,58,BikeShare2,"[[57, 74]]",1.5,0,1,57,74,57,74,finished,null,null,0
126,PAYG,126_54_5994,57,BikeShare1,"[[26, 23]]",1.75,0,1,26,23,26,23,finished,null,null,0
15,PAYG,15_55_7492,59,BikeShare1,"[[54, 58]]",1.75,0,1,54,58,54,58,finished,null,null,0
55,PAYG,55_55_5394,59,BikeShare2,"[[52, 65]]",1.5,0,1,52,65,52,65,finished,null,null,0
65,PAYG,65_55_7324,57,BikeShare1,"[[53, 51]]",1.75,0,1,53,51,53,51,finished,null,null,0
85,subscription,85_55_3821,56,BikeShare1,"[[89, 60]]",1.75,0,1,89,60,89,60,finished,null,null,0
95,PAYG,95_55_2006,56,BikeShare1,"[[23, 13]]",1.75,0,1,23,13,23,13,finished,null,null,0
105,PAYG,105_55_6795,57,BikeShare1,"[[51, 36]]",1.75,0,1,51,36,51,36,finished,null,null,0
115,PAYG,115_55_6301,60,walk,"[[57, 38]]",0,0,1,57,38,57,38,finished,null,null,0
44,PAYG,44_56_7845,61,BikeShare2,"[[45, 36]]",1.5,0,1,45,36,45,36,finished,null,null,0
54,PAYG,54_56_5365,58,BikeShare1,"[[43, 29]]",1.75,0,1,43,29,43,29,finished,null,null,0
64,PAYG,64_56_1266,60,walk,"[[60, 10]]",0,0,1,60,10,60,10,finished,null,null,0
104,PAYG,104_56_1392,58,walk,"[[52, 44]]",0,0,1,52,44,52,44,finished,null,null,0
114,subscription,114_56_9404,59,walk,"[[26, 30]]",0,0,1,26,30,26,30,finished,null,null,0
83,subscription,83_57_9149,61,walk,"[[31, 15]]",0,0,1,31,15,31,15,finished,null,null,0
22,PAYG,22_58_5753,62,BikeShare2,"[[24, 29]]",1.5,0,1,24,29,24,29,finished,null,null,0
102,PAYG,102_58_2131,60,BikeShare1,"[[36, 66]]",1.75,0,1,36,66,36,66,finished,null,null,0
31,PAYG,31_59_3303,62,BikeShare2,"[[47, 37]]",1.5,0,1,47,37,47,37,finished,null,null,0
101,PAYG,101_59_3246,60,BikeShare1,"[[14, 17]]",1.75,0,1,14,17,14,17,finished,null,null,0
121,PAYG,121_59_6696,63,BikeShare1,"[[47, 40]]",1.75,0,1,47,40,47,40,finished,null,null,0
20,PAYG,20_60_9573,63,BikeShare2,"[[65, 75]]",1.5,0,1,65,75,65,75,finished,null,null,0
51,PAYG,51_59_4173,60,BikeShare2,"[[64, 70], [63, 71], [63, 72], [62, 73], [62, 74], [61, 75]]",7.5,0,2,64,70,61,75,finished,null,null,0
77,subscription,77_63_9222,64,BikeShare1,"[[55, 66], [54, 65], [53, 64]]",3.5,0,1,55,66,53,64,finished,null,null,0
40,subscription,40_60_4055,63,UberLike2,"[[56, 60], [56, 61], [56, 62], [56, 63], [56, 64], [56, 65], [56, 66], [56, 67], [57, 68], [57, 69], [57, 70], [57, 71], [57, 72], [57, 73], [57, 74], [57, 75], [57, 76]]",27.5,0,5,56,60,57,76,finished,null,null,0
34,PAYG,34_56_4829,58,walk,"[[59, 27], [58, 28], [58, 29], [57, 30], [56, 31], [56, 32], [55, 33], [54, 34], [53, 35], [53, 36], [52, 37], [51, 38], [51, 39], [50, 40]]",0,0,9,59,27,50,40,finished,null,null,0
99,PAYG,99_61_5325,66,UberLike1,"[[11, 29], [12, 28], [13, 27], [14, 26], [15, 25], [16, 24], [17, 23], [18, 22], [18, 21], [19, 20], [20, 19], [21, 18], [22, 17], [23, 16], [24, 15]]",20,0,5,11,29,24,15,finished,null,null,0
56,subscription,56_54_9092,57,walk,"[[71, 78], [70, 78], [69, 77], [68, 77], [67, 76], [66, 76], [65, 76], [64, 75], [63, 75], [62, 74], [61, 74], [60, 73], [59, 73], [58, 73], [57, 72], [56, 72], [55, 71], [54, 71]]",0,0,11,71,78,54,71,finished,null,null,0
75,PAYG,75_65_4886,67,UberLike1,"[[80, 79], [79, 78], [78, 78], [77, 77], [76, 76], [75, 76], [74, 75], [73, 74], [72, 73], [71, 73], [70, 72], [69, 71], [68, 71], [67, 70], [66, 69], [65, 69], [64, 68], [63, 67], [62, 66], [61, 66], [60, 65], [59, 64], [58, 64], [57, 63]]",20,0,5,80,79,57,63,finished,null,null,0
43,PAYG,43_57_6538,61,walk,"[[46, 60], [46, 59], [47, 58], [47, 57], [47, 56], [48, 55], [48, 54], [48, 53], [49, 52], [49, 51], [49, 50], [49, 49], [50, 48], [50, 47], [50, 46], [51, 45], [51, 44], [51, 43], [52, 42], [52, 41]]",0,0,13,46,60,52,41,finished,null,null,0
86,PAYG,86_54_5082,55,walk,"[[38, 17], [39, 18], [40, 19], [41, 20], [42, 21], [43, 22], [44, 23], [45, 24], [46, 24], [47, 25], [48, 26], [49, 27], [50, 28], [51, 29], [52, 30], [53, 31], [54, 32], [55, 33], [56, 34], [57, 35], [58, 36], [59, 37], [60, 38], [61, 38], [62, 39], [63, 40], [64, 41], [65, 42], [66, 43], [67, 44], [68, 45]]",0,0,20,38,17,68,45,finished,null,null,0
25,subscription,25_55_8483,57,walk,"[[53, 35], [52, 35], [51, 35], [50, 34], [49, 34], [48, 34], [47, 34], [46, 34], [45, 33], [44, 33], [43, 33], [42, 33], [41, 33], [40, 32], [39, 32], [38, 32], [37, 32], [36, 32], [35, 31], [34, 31], [33, 31], [32, 31], [31, 31], [30, 31], [29, 30], [28, 30], [27, 30], [26, 30], [25, 30], [24, 29], [23, 29], [22, 29], [21, 29], [20, 29], [19, 28], [18, 28], [17, 28]]",0,0,24,53,35,17,28,finished,null,null,0
24,subscription,24_56_7278,58,walk,"[[86, 31], [85, 32], [84, 33], [83, 34], [82, 35], [81, 36], [80, 37], [79, 38], [78, 39], [77, 40], [76, 41], [75, 42], [74, 43], [73, 44], [72, 45], [71, 46], [70, 47], [69, 48], [69, 49], [68, 50], [67, 51], [66, 52], [65, 53], [64, 54], [63, 55], [62, 56], [61, 57], [60, 58], [59, 59], [58, 60], [57, 61], [56, 62], [55, 63], [54, 64], [53, 65], [52, 66]]",0,0,23,86,31,52,66,finished,null,null,0
94,PAYG,94_56_2599,57,UberLike1,"[[76, 17], [75, 18], [74, 19], [73, 19], [72, 20], [71, 21], [70, 22], [69, 23], [68, 23], [67, 24], [66, 25], [65, 26], [64, 26], [63, 27], [62, 28], [61, 29], [60, 30], [59, 30], [58, 31], [57, 32], [56, 33], [55, 34], [54, 34], [53, 35], [52, 36], [51, 37], [50, 37], [49, 38], [48, 39], [47, 40], [46, 41], [45, 41], [44, 42], [43, 43]]",20,0,5,76,17,43,43,finished,null,null,0
117,PAYG,117_83_8353,86,BikeShare2,"[[57, 79], [56, 78], [56, 77], [55, 76], [55, 75], [54, 74], [54, 73], [53, 72]]",10.5,0,4,57,79,53,72,finished,null,null,0
18,PAYG,18_92_9313,93,BikeShare2,"[[49, 39], [48, 38]]",1.5,0,1,49,39,48,38,finished,null,null,0
31,PAYG,31_89_6977,93,UberLike1,"[[47, 37], [46, 37], [45, 36], [44, 36], [43, 36], [42, 35], [41, 35], [40, 34], [39, 34], [38, 34], [37, 33], [36, 33], [35, 33], [34, 32], [33, 32], [32, 32], [31, 31], [30, 31], [29, 30], [28, 30], [27, 30], [26, 29], [25, 29]]",20,0,5,47,37,25,29,finished,null,null,0
39,PAYG,39_91_6048,93,UberLike1,"[[18, 28], [19, 28], [20, 28], [21, 28], [22, 28], [23, 27], [24, 27], [25, 27], [26, 27], [27, 27], [28, 27], [29, 27], [30, 27], [31, 26], [32, 26], [33, 26], [34, 26], [35, 26], [36, 26], [37, 26], [38, 26], [39, 26], [40, 25], [41, 25], [42, 25], [43, 25], [44, 25]]",20,0,5,18,28,44,25,finished,null,null,0
100,PAYG,100_50_4059,55,walk,"[[77, 3], [76, 3], [75, 4], [74, 4], [73, 4], [72, 5], [71, 5], [70, 5], [69, 6], [68, 6], [67, 7], [66, 7], [65, 7], [64, 8], [63, 8], [62, 8], [61, 9], [60, 9], [59, 9], [58, 10], [57, 10], [56, 10], [55, 11], [54, 11], [53, 12], [52, 12], [51, 12], [50, 13], [49, 13], [48, 13], [47, 14], [46, 14], [45, 14], [44, 15], [43, 15], [42, 15], [41, 16], [40, 16], [39, 16], [38, 17], [37, 17], [36, 18], [35, 18], [34, 18], [33, 19], [32, 19], [31, 19], [30, 20], [29, 20], [28, 20], [27, 21], [26, 21], [25, 21], [24, 22], [23, 22], [22, 23], [21, 23], [20, 23], [19, 24], [18, 24], [17, 24], [16, 25], [15, 25]]",0,0,41,77,3,15,25,finished,null,null,0
121,PAYG,121_69_6856,71,walk,"[[47, 40]]",0,0,1,47,40,47,40,finished,null,null,0
70,subscription,70_70_7395,73,BikeShare2,"[[23, 30]]",1.5,0,1,23,30,23,30,finished,null,null,0
125,PAYG,125_65_5027,69,BikeShare2,"[[61, 63], [60, 64], [60, 65]]",3,0,1,61,63,60,65,finished,null,null,0
85,subscription,85_65_6776,67,UberLike1,"[[89, 60], [88, 60], [87, 59], [86, 59], [85, 58], [84, 58], [83, 57], [82, 57], [81, 56], [80, 56], [79, 55], [78, 55], [77, 54], [76, 54], [75, 53], [74, 53], [73, 52], [72, 52], [71, 51], [70, 51], [69, 51], [68, 50], [67, 50], [66, 49], [65, 49], [64, 48], [63, 48], [62, 47], [61, 47], [60, 46], [59, 46], [58, 45], [57, 45], [56, 44], [55, 44], [54, 43], [53, 43], [52, 42], [51, 42], [50, 41], [49, 41], [48, 41], [47, 40], [46, 40], [45, 39], [44, 39], [43, 38], [42, 38], [41, 37], [40, 37], [39, 36], [38, 36], [37, 35], [36, 35], [35, 34], [34, 34], [33, 33], [32, 33], [31, 32], [30, 32], [29, 32], [28, 31], [27, 31], [26, 30], [25, 30], [24, 29], [23, 29], [22, 28], [21, 28], [20, 27], [19, 27], [18, 26], [17, 26], [16, 25], [15, 25], [14, 24], [13, 24], [12, 23], [11, 23]]",20,0,5,89,60,11,23,finished,null,null,0
77,subscription,77_73_3132,78,BikeShare1,"[[53, 64], [54, 64], [55, 64], [56, 63], [57, 63], [58, 63], [59, 63]]",10.5,0,3,53,64,59,63,finished,null,null,0
106,PAYG,106_74_3138,78,walk,"[[57, 74], [58, 75], [59, 76], [60, 77], [61, 78]]",0,0,3,57,74,61,78,finished,null,null,0
75,PAYG,75_75_9854,80,BikeShare2,"[[57, 63], [57, 62], [56, 61], [56, 60]]",4.5,0,2,57,63,56,60,finished,null,null,0
85,subscription,85_85_3116,87,UberLike1,"[[11, 23], [12, 23], [13, 24], [14, 24], [15, 25], [16, 25], [17, 26], [18, 26], [19, 27], [20, 27], [21, 28], [22, 28], [23, 29], [24, 29], [25, 30], [26, 30], [27, 31], [28, 31], [29, 32], [30, 32], [31, 32], [32, 33], [33, 33], [34, 34], [35, 34], [36, 35], [37, 35], [38, 36], [39, 36], [40, 37], [41, 37], [42, 38], [43, 38], [44, 39], [45, 39], [46, 40], [47, 40], [48, 41], [49, 41], [50, 42], [51, 42], [52, 42], [53, 43], [54, 43], [55, 44], [56, 44], [57, 45], [58, 45], [59, 46], [60, 46], [61, 47], [62, 47], [63, 48], [64, 48], [65, 49], [66, 49], [67, 50], [68, 50], [69, 51], [70, 51], [71, 51], [72, 52], [73, 52], [74, 53], [75, 53], [76, 54], [77, 54], [78, 55], [79, 55], [80, 56], [81, 56], [82, 57], [83, 57], [84, 58], [85, 58], [86, 59], [87, 59], [88, 60], [89, 60]]",20,0,5,11,23,89,60,Service Selected,null,null,0
105,PAYG,105_85_4892,87,walk,"[[51, 36]]",0,0,1,51,36,51,36,finished,null,null,0
103,PAYG,103_77_5106,82,UberLike2,"[[22, 21], [23, 21], [24, 21], [25, 21], [26, 22], [27, 22], [28, 22], [29, 22], [30, 22], [31, 22], [32, 23], [33, 23], [34, 23], [35, 23], [36, 23], [37, 23], [38, 24], [39, 24], [40, 24], [41, 24], [42, 24], [43, 24], [44, 25], [45, 25], [46, 25], [47, 25]]",27.5,0,5,22,21,47,25,finished,null,null,0
13,PAYG,13_87_2068,90,BikeShare2,"[[45, 23]]",1.5,0,1,45,23,45,23,finished,null,null,0
140,PAYG,140_70_5932,75,public,"[[""to station"", [[49, 39], ""CENTRAL""]], [""bus"", ""BUS_380"", [""CENTRAL"", ""BONDI_JUNCTION""]], [""to destination"", [""BONDI_JUNCTION"", [65, 44]]]]",1.1,0,5,49,39,65,44,finished,null,null,0
32,PAYG,32_88_7169,91,walk,"[[66, 41], [65, 41], [64, 40], [63, 40], [62, 39], [61, 39], [60, 39], [59, 38], [58, 38], [57, 37], [56, 37], [55, 37], [54, 36], [53, 36], [52, 36], [51, 35], [50, 35], [49, 34], [48, 34], [47, 34], [46, 33], [45, 33], [44, 32], [43, 32], [42, 32], [41, 31], [40, 31], [39, 30], [38, 30], [37, 30], [36, 29], [35, 29], [34, 28], [33, 28], [32, 28], [31, 27], [30, 27], [29, 26], [28, 26], [27, 26], [26, 25], [25, 25], [24, 25], [23, 24], [22, 24], [21, 23], [20, 23], [19, 23], [18, 22], [17, 22], [16, 21], [15, 21]]",0,0,34,66,41,15,21,Service Selected,null,null,0
72,PAYG,72_88_8463,91,BikeShare2,"[[28, 36]]",1.5,0,1,28,36,28,36,finished,null,null,0
102,PAYG,102_88_2997,90,BikeShare1,"[[36, 66]]",1.75,0,1,36,66,36,66,finished,null,null,0
91,PAYG,91_89_2826,94,walk,"[[45, 38], [46, 39], [46, 40], [47, 41], [47, 42], [48, 43], [48, 44], [49, 45], [49, 46], [50, 47], [50, 48], [51, 49]]",0,0,7,45,38,51,49,Service Selected,null,null,0
20,PAYG,20_90_5375,91,BikeShare1,"[[65, 75]]",1.75,0,1,65,75,65,75,finished,null,null,0
50,PAYG,50_90_2599,91,walk,"[[47, 53], [46, 52], [45, 51], [44, 50], [43, 49], [42, 48], [41, 48], [40, 47], [39, 46], [38, 45], [37, 44], [36, 43], [35, 42], [34, 41], [33, 40], [32, 39], [31, 38], [30, 37], [29, 37], [28, 36], [27, 35], [26, 34], [25, 33], [24, 32]]",0,0,15,47,53,24,32,Service Selected,null,null,0
30,subscription,30_90_3400,91,walk,"[[62, 74], [63, 74], [64, 74]]",0,0,1,62,74,64,74,finished,null,null,0
53,PAYG,53_87_7250,89,walk,"[[45, 19], [44, 20], [44, 21], [43, 22], [43, 23], [42, 24], [42, 25], [41, 26], [41, 27]]",0,0,5,45,19,41,27,finished,null,null,0
130,PAYG,130_90_3360,92,BikeShare2,"[[50, 38], [50, 39], [49, 40], [49, 41], [48, 42], [48, 43]]",7.5,0,2,50,38,48,43,finished,null,null,0
40,subscription,40_90_1807,91,UberLike1,"[[57, 76], [57, 75], [57, 74], [57, 73], [58, 72], [58, 71], [58, 70], [58, 69], [58, 68], [58, 67], [59, 66], [59, 65], [59, 64], [59, 63], [59, 62], [59, 61], [59, 60], [60, 59], [60, 58], [60, 57], [60, 56], [60, 55], [60, 54], [60, 53], [61, 52], [61, 51], [61, 50], [61, 49], [61, 48], [61, 47], [62, 46], [62, 45], [62, 44], [62, 43]]",20,0,5,57,76,62,43,finished,null,null,0
66,PAYG,66_84_3131,88,walk,"[[29, 24], [30, 24], [31, 24], [32, 24], [33, 24], [34, 24], [35, 24], [36, 25], [37, 25], [38, 25], [39, 25], [40, 25], [41, 25], [42, 25]]",0,0,9,29,24,42,25,finished,null,null,0
38,PAYG,38_92_9465,94,UberLike1,"[[28, 58], [29, 58], [30, 57], [31, 57], [32, 56], [33, 56], [34, 56], [35, 55], [36, 55], [37, 54], [38, 54], [39, 54], [40, 53], [41, 53], [42, 53], [43, 52], [44, 52], [45, 51], [46, 51], [47, 51], [48, 50], [49, 50], [50, 49], [51, 49], [52, 49], [53, 48], [54, 48], [55, 47], [56, 47], [57, 47], [58, 46], [59, 46], [60, 46], [61, 45], [62, 45], [63, 44], [64, 44]]",20,0,5,28,58,64,44,Service Selected,null,null,0
58,PAYG,58_92_5261,95,walk,"[[14, 24], [15, 24], [16, 23], [17, 23], [18, 22], [19, 22], [20, 21], [21, 21], [22, 20], [23, 20]]",0,0,6,14,24,23,20,Service Selected,null,null,0
37,PAYG,37_93_4310,95,walk,"[[20, 10], [21, 11], [22, 11], [23, 12], [24, 12], [25, 13], [26, 13], [27, 14], [28, 14], [29, 15], [30, 15], [31, 16], [32, 16], [33, 17], [34, 18], [35, 18], [36, 19], [37, 19], [38, 20], [39, 20], [40, 21], [41, 21], [42, 22], [43, 22], [44, 23], [45, 23], [46, 24]]",0,0,17,20,10,46,24,Service Selected,null,null,0
16,PAYG,16_94_1537,95,UberLike2,"[[44, 38], [43, 38], [42, 37], [41, 37], [40, 36], [39, 36], [38, 36], [37, 35], [36, 35], [35, 35], [34, 34], [33, 34], [32, 33], [31, 33], [30, 33], [29, 32], [28, 32], [27, 32], [26, 31], [25, 31], [24, 30], [23, 30]]",27.5,0,5,44,38,23,30,Service Selected,null,null,0
26,PAYG,26_94_2851,99,UberLike1,"[[63, 72], [63, 71], [62, 70], [62, 69], [62, 68], [61, 67], [61, 66], [61, 65], [61, 64], [60, 63], [60, 62], [60, 61], [59, 60], [59, 59], [59, 58], [58, 57], [58, 56], [58, 55], [57, 54], [57, 53], [57, 52], [57, 51], [56, 50], [56, 49], [56, 48], [55, 47], [55, 46], [55, 45], [54, 44], [54, 43], [54, 42], [54, 41], [53, 40], [53, 39], [53, 38], [52, 37], [52, 36], [52, 35], [51, 34], [51, 33], [51, 32], [50, 31], [50, 30], [50, 29], [50, 28], [49, 27], [49, 26], [49, 25], [48, 24], [48, 23]]",20,0,5,63,72,48,23,Service Selected,null,null,0
95,PAYG,95_95_8959,100,public,"[[""to station"", [[23, 13], ""LIVERPOOL""]], [""bus"", ""EB_302_DC2"", [""LIVERPOOL"", ""PENRITH""]], [""train"", ""T1_WESTERN"", [""PENRITH"", ""BLACKTOWN""]], [""to destination"", [""BLACKTOWN"", [14, 25]]]]",2.15,0,6,23,13,14,25,Service Selected,null,null,0
4,subscription,4_96_8153,100,UberLike1,"[[53, 62], [53, 61], [54, 60], [54, 59], [55, 58], [55, 57], [56, 56], [56, 55], [57, 54], [57, 53], [58, 52], [58, 51], [58, 50], [59, 49], [59, 48], [60, 47], [60, 46], [61, 45], [61, 44], [62, 43], [62, 42], [63, 41], [63, 40]]",20,0,5,53,62,63,40,Service Selected,null,null,0
54,PAYG,54_96_9567,98,public,"[[""to station"", [[43, 29], ""SYDENHAM""]], [""train"", ""T3_BANKSTOWN"", [""SYDENHAM"", ""CENTRAL""]], [""train"", ""T4_ILLAWARRA"", [""CENTRAL"", ""REDFERN""]], [""to destination"", [""REDFERN"", [47, 38]]]]",1.7999999999999998,0,4,43,29,47,38,Service Selected,null,null,0
64,PAYG,64_96_9791,97,UberLike1,"[[60, 10], [59, 10], [58, 11], [57, 11], [56, 12], [55, 12], [54, 12], [53, 13], [52, 13], [51, 14], [50, 14], [49, 14], [48, 15], [47, 15], [46, 16], [45, 16], [44, 16], [43, 17], [42, 17], [41, 18], [40, 18], [39, 18], [38, 19], [37, 19], [36, 20], [35, 20], [34, 20], [33, 21], [32, 21], [31, 21], [30, 22], [29, 22], [28, 23], [27, 23], [26, 23], [25, 24], [24, 24], [23, 25], [22, 25], [21, 25], [20, 26], [19, 26], [18, 27], [17, 27], [16, 27], [15, 28], [14, 28], [13, 29], [12, 29]]",20,0,5,60,10,12,29,Service Selected,null,null,0
94,PAYG,94_96_9525,101,UberLike1,"[[43, 43], [44, 44], [44, 45], [45, 46], [46, 47], [46, 48], [47, 49], [48, 50], [48, 51], [49, 52], [50, 53], [50, 54], [51, 55], [52, 56], [52, 57], [53, 58], [54, 59], [54, 60], [55, 61], [55, 62], [56, 63], [57, 64], [57, 65], [58, 66], [59, 67], [59, 68], [60, 69], [61, 70], [61, 71], [62, 72], [63, 73], [63, 74], [64, 75]]",20,0,5,43,43,64,75,Service Selected,null,null,0
104,PAYG,104_96_1493,100,public,"[[""to station"", [[52, 44], ""WYNYARD""]], [""train"", ""T1_NORTH_SHORE"", [""WYNYARD"", ""CENTRAL""]], [""train"", ""T4_ILLAWARRA"", [""CENTRAL"", ""REDFERN"", ""HURSTVILLE"", ""KOGARAH"", ""ROCKDALE""]], [""to destination"", [""ROCKDALE"", [46, 20]]]]",4.5,0,9,52,44,46,20,Service Selected,null,null,0
114,subscription,114_96_5125,101,UberLike1,"[[26, 30], [27, 31], [28, 32], [29, 33], [30, 34], [31, 35], [31, 36], [32, 37], [33, 38], [34, 39], [35, 40], [36, 41], [37, 42], [38, 43], [39, 44], [40, 45], [41, 46], [41, 47], [42, 48], [43, 49], [44, 50], [45, 51], [46, 52], [47, 53], [48, 54], [49, 55], [50, 56], [50, 57], [51, 58], [52, 59], [53, 60], [54, 61], [55, 62], [56, 63], [57, 64], [58, 65], [59, 66], [60, 67], [60, 68], [61, 69], [62, 70], [63, 71], [64, 72], [65, 73]]",20,0,5,26,30,65,73,Service Selected,null,null,0
124,PAYG,124_96_6997,97,walk,"[[51, 53], [51, 54], [51, 55], [51, 56], [51, 57], [51, 58], [51, 59], [51, 60]]",0,0,5,51,53,51,60,Service Selected,null,null,0
136,subscription,136_94_7527,95,walk,"[[51, 36], [51, 37]]",0,0,1,51,36,51,37,finished,null,null,0
13,PAYG,13_97_5620,99,BikeShare1,"[[45, 23], [44, 24], [43, 25], [43, 26], [42, 27]]",7,0,2,45,23,42,27,Service Selected,null,null,0
23,subscription,23_97_4808,99,walk,"[[38, 24], [39, 24], [40, 24], [41, 24]]",0,0,2,38,24,41,24,Service Selected,null,null,0
33,PAYG,33_97_3843,99,public,"[[""to station"", [[62, 74], ""HORNSBY""]], [""bus"", ""BUS_575"", [""HORNSBY"", ""CHATSWOOD""]], [""to destination"", [""CHATSWOOD"", [55, 64]]]]",1.25,0,4,62,74,55,64,Service Selected,null,null,0
43,PAYG,43_97_7657,99,UberLike2,"[[52, 41], [51, 41], [50, 40], [49, 40], [48, 40], [47, 39], [46, 39], [45, 39], [44, 38], [43, 38], [42, 38], [41, 37], [40, 37], [39, 37], [38, 36], [37, 36], [36, 36], [35, 35], [34, 35], [33, 35], [32, 34], [31, 34], [30, 34], [29, 33], [28, 33], [27, 33], [26, 32], [25, 32], [24, 32], [23, 31], [22, 31]]",27.5,0,5,52,41,22,31,Service Selected,null,null,0
63,subscription,63_97_9470,99,walk,"[[54, 58], [54, 57], [54, 56], [54, 55], [54, 54], [54, 53], [54, 52], [54, 51], [54, 50], [54, 49], [54, 48], [54, 47], [54, 46]]",0,0,8,54,58,54,46,Service Selected,null,null,0
93,PAYG,93_97_9847,100,BikeShare1,"[[51, 30], [50, 30], [49, 29], [48, 29]]",5.25,0,2,51,30,48,29,Service Selected,null,null,0
123,PAYG,123_97_4032,101,walk,"[[16, 30], [16, 29], [16, 28], [15, 27], [15, 26], [15, 25]]",0,0,3,16,30,15,25,Service Selected,null,null,0
